{"cameraMode":{"drawMode":0,"name":"Shaded","section":"Shading Mode"},"sceneLighting":false,"audioPlay":false,"sceneViewState":{"m_AlwaysRefresh":false,"showFog":true,"showSkybox":false,"showFlares":true,"showImageEffects":true,"showParticleSystems":true,"showVisualEffectGraphs":true,"m_FxEnabled":true},"in2DMode":false,"pivot":{"x":0.1598224639892578,"y":10.181520462036133,"z":-0.031626224517822269},"rotation":{"x":0.0742882788181305,"y":-0.9067826867103577,"z":0.3746826648712158,"w":0.1800643652677536},"size":13.621661186218262,"orthographic":false}